OTU ,phylum,order,family,genus,bin
denovo36897,Ascomycota,Pleosporales,Pleosporaceae,Alternaria,Alternaria sp.
denovo10705,Ascomycota,Venturiales,Venturiaceae,Apiosporina,Apiosporina morbosa
denovo2124,Ascomycota,Capnodiales,incertae sedis,Arthrocatena,Arthrocatena tenebrio
denovo9380,Ascomycota,Helotiales,Helotiaceae,Articulospora,Articulospora sp.
denovo36541,Ascomycota,Dothideales,Saccotheciaceae,Aureobasidium,Aureobasidium sp.
denovo23071,Ascomycota,Dothideales,Saccotheciaceae,Aureobasidium,Aureobasidium sp.
denovo9944,Ascomycota,Dothideales,Saccotheciaceae,Aureobasidium,Aureobasidium sp.
denovo36990,Ascomycota,Dothideales,Saccotheciaceae,Aureobasidium,Aureobasidium sp. 
denovo12378,Ascomycota,Dothideales,Saccotheciaceae,Aureobasidium,Aureobasidium sp. 
denovo1116,Ascomycota,Dothideales,Saccotheciaceae,Aureobasidium,Aureobasidium sp. 
denovo31396,Ascomycota,Dothideales,Saccotheciaceae,Aureobasidium,Aureobasidium sp.
denovo28117,Ascomycota,Dothideales,Saccotheciaceae,Aureobasidium,Aureobasidium sp.
denovo16331,Ascomycota,Dothideales,Saccotheciaceae,Aureobasidium,Aureobasidium pullulans
denovo1682,Ascomycota,Dothideales,Saccotheciaceae,Aureobasidium,Aureobasidium pullulans
denovo28796,Ascomycota,Dothideales,Saccotheciaceae,Aureobasidium,Aureobasidium pullulans
denovo30012,Ascomycota,Dothideales,Saccotheciaceae,Aureobasidium,Aureobasidium pullulans
denovo34065,Ascomycota,Dothideales,Saccotheciaceae,Aureobasidium,Aureobasidium pullulans
denovo13889,Ascomycota,Dothideales,Saccotheciaceae,Aureobasidium,Aureobasidium pullulans
denovo19347,Ascomycota,Dothideales,Saccotheciaceae,Aureobasidium,Aureobasidium pullulans
denovo19770,Ascomycota,Dothideales,Saccotheciaceae,Aureobasidium,Aureobasidium pullulans
denovo6830,Ascomycota,Dothideales,Saccotheciaceae,Aureobasidium,Aureobasidium pullulans
denovo25652,Ascomycota,Dothideales,Saccotheciaceae,Aureobasidium,Aureobasidium pullulans
denovo23827,Ascomycota,Dothideales,Saccotheciaceae,Aureobasidium,Aureobasidium pullulans
denovo36070,Ascomycota,Dothideales,Saccotheciaceae,Aureobasidium,Aureobasidium pullulans
denovo15970,Ascomycota,Dothideales,Saccotheciaceae,Aureobasidium,Aureobasidium pullulans
denovo1593,Ascomycota,Dothideales,Saccotheciaceae,Aureobasidium,Aureobasidium pullulans
denovo16222,Ascomycota,Dothideales,Saccotheciaceae,Aureobasidium,Aureobasidium pullulans
denovo28994,Ascomycota,Dothideales,Saccotheciaceae,Aureobasidium,Aureobasidium pullulans
denovo30907,Ascomycota,Dothideales,Saccotheciaceae,Aureobasidium,Aureobasidium pullulans
denovo8616,Ascomycota,Dothideales,Saccotheciaceae,Aureobasidium,Aureobasidium leucospermi
denovo2292,Basidiomycota,Erythrobasidiales,Erythrobasidiaceae,Bannoa,Bannoa sp.
denovo34733,Basidiomycota,Erythrobasidiales,Erythrobasidiaceae,Bannoa,Bannoa sp.
denovo8720,Ascomycota,Chaetothyriales,Trichomeriaceae,Bradymyces,Bradymyces sp.
denovo27827,Basidiomycota,Buckleyzymales,Buckleyzymaceae,Buckleyzyma ,Buckleyzyma aurantiaca
denovo27369,Basidiomycota,Buckleyzymales,Buckleyzymaceae,Buckleyzyma ,Buckleyzyma sp.
denovo10823,Basidiomycota,Tremellales,Bulleribasidiaceae,Bullera,Bullera coprosmae
denovo2086,Basidiomycota,Tremellales,Bulleribasidiaceae,Bullera,Bullera oryzae
denovo30355,Basidiomycota,Tremellales,Bulleraceae,Bullera,Bullera alba
denovo34223,Basidiomycota,Tremellales,Bulleribasidiaceae,Bulleribasidium,Bulleribasidium sp.
denovo19471,Basidiomycota,Tremellales,Bulleribasidiaceae,Bulleribasidium,Bulleribasidium sp.
denovo1076,Basidiomycota,Tremellales,Bulleribasidiaceae,Bulleribasidium,Bulleribasidium oberjochense
denovo11521,Ascomycota,Helotiales,Dermateaceae,Calloria,Calloria urticae
denovo5549,Ascomycota,Helotiales,Dermateaceae,Calloria,Calloria urticae
denovo11665,Ascomycota,Helotiales,Dermateaceae,Calloria,Calloria urticae
denovo5939,Ascomycota,Pleosporales,Pleosporales incertae sedis,Camarographium,Camarographium sp. 
denovo17139,Ascomycota,Pleosporales,Pleosporales incertae sedis,Camarographium,Camarographium sp. 
denovo35837,Ascomycota,Mycosphaerellales,Teratosphaeriaceae,Capnobotryella,Capnobotyrella sp.
denovo9635,Ascomycota,Mycosphaerellales,Mycosphaerellaceae,Cercospora,Cercospora tetragoniae
denovo26144,Ascomycota,Pleosporales,Phaeosphaeriaceae,Chaetosphaeronema,Chaetosphaeronema sp. 
denovo26055,Ascomycota,Cladosporiales,Cladosporiaceae,Cladosporium,Cladosporium sp.
denovo6544,Ascomycota,Cladosporiales,Cladosporiaceae,Cladosporium,Cladosporium sp.
denovo7674,Ascomycota,Cladosporiales,Cladosporiaceae,Cladosporium,Cladosporium sp.
denovo13295,Ascomycota,Pleosporales,Coniothyriaceae,Coniothyrium,Coniothyrium sp. 
denovo13568,Ascomycota,Pleosporales,Coniothyriaceae,Coniothyrium,Coniothyrium sp. 
denovo16973,Ascomycota,Pleosporales,Coniothyriaceae,Coniothyrium,Coniothyrium sp. 
denovo24635,Basidiomycota,Agaricales,Crepidotaceae,Crepidotus,Crepidotus novae-zealandiae
denovo12108,Basidiomycota,Tremellales,Cryptococcaceae,Cryptococcus,Cryptococcus sp. 
denovo30031,Basidiomycota,Tremellales,Cryptococcaceae,Cryptococcus,Cryptococcus sp. 
denovo18396,Basidiomycota,Tremellales,Cryptococcaceae,Cryptococcus,Cryptococcus sp. 
denovo8925,Basidiomycota,Tremellales,Cryptococcaceae,Cryptococcus,Cryptococcus sp.
denovo11947,Basidiomycota,Tremellales,Cryptococcaceae,Cryptococcus,Cryptococcus sp.
denovo13723,Basidiomycota,Tremellales,Cryptococcaceae,Cryptococcus,Cryptococcus sp. 
denovo24191,Basidiomycota,Tremellales,Cryptococcaceae,Cryptococcus,Cryptococcus sp.
denovo12134,Ascomycota,Pleosporales,Pleosporaceae,Curvularia,Curvularia sp.
denovo11853,Ascomycota,Pleosporales,Pleosporaceae,Curvularia,Curvularia coatesiae
denovo13565,Ascomycota,Pleosporales,Pleosporaceae,Curvularia,Curvularia clavata
denovo22071,Basidiomycota,Tremellales,Bulleribasidiaceae,Derxomyces,Derxomyces simaoensis
denovo27624,Ascomycota,Mycosphaerellales,Teratosphaeriaceae,Devriesia,Devriesia sp.
denovo5551,Ascomycota,Mycosphaerellales,Teratosphaeriaceae,Devriesia,Devriesia sp.
denovo21878,Ascomycota,Mycosphaerellales,Teratosphaeriaceae,Devriesia,Devriesia sp.
denovo23351,Ascomycota,Pleosporales,Didymellaceae,Didymella,Didymella sp.
denovo2618,Ascomycota,Pleosporales,Didymellaceae,Didymella,Didymella sp. 
denovo30584,Ascomycota,Pleosporales,Didymellaceae,Didymella,Didymella bellidis
denovo14997,Ascomycota,Pleosporales,Didymellaceae,Didymella,Didymella bellidis
denovo15099,Ascomycota,Pleosporales,Didymellaceae,Didymella,Didymella pinodella
denovo34792,Ascomycota,Pleosporales,Didymellaceae,Didymella,Didymella bellidis
denovo35545,Basidiomycota,Tremellales,Naemateliaceae,Dimennazyma,Dimennazyma cisti-albidi
denovo763,Basidiomycota,Tremellales,Bulleribasidiaceae,Dioszegia,Dioszegia sp. 
denovo34805,Basidiomycota,Tremellales,Bulleribasidiaceae,Dioszegia,Dioszegia sp. 
denovo31870,Basidiomycota,Tremellales,Bulleribasidiaceae,Dioszegia,Dioszegia sp.
denovo22953,Basidiomycota,Tremellales,Bulleribasidiaceae,Dioszegia,Dioszegia sp.
denovo14203,Basidiomycota,Tremellales,Bulleribasidiaceae,Dioszegia,Dioszegia sp. 
denovo1579,Basidiomycota,Tremellales,Bulleribasidiaceae,Dioszegia,Dioszegia sp.
denovo5567,Basidiomycota,Tremellales,Bulleribasidiaceae,Dioszegia,Dioszegia changbaiensis
denovo17413,Basidiomycota,Tremellales,Bulleribasidiaceae,Dioszegia,Dioszegia zsoltii
denovo33564,Basidiomycota,Tremellales,Bulleribasidiaceae,Dioszegia,Dioszegia hungaria
denovo8004,Basidiomycota,Tremellales,Bulleribasidiaceae,Dioszegia,Dioszegia catarinonii
denovo8487,Basidiomycota,Tremellales,Bulleribasidiaceae,Dioszegia,Dioszegia takashimae
denovo9764,Ascomycota,Botryosphaeriales,Botryosphaeriaceae,Diplodia,Diplodia sp. 
denovo9280,Ascomycota,Dothideales,Dothioraceae,Dothiora,Dothiora maculans
denovo20468,Ascomycota,Dothideales,Dothioraceae,Dothiora,Dothiora prunorum
denovo35807,Ascomycota,Botryosphaeriales,Botryosphaeriaceae,Dothiorella,Dothiorella gregaria
denovo28806,Ascomycota,Botryosphaeriales,Botryosphaeriaceae,Dothiorella,Dothiorella gregaria
denovo13898,Ascomycota,Botryosphaeriales,Botryosphaeriaceae,Dothiorella,Dothoriella gregaria
denovo35875,Ascomycota,Pleosporales,Didymellaceae,Epicoccum,Epicoccum sp.
denovo36456,Ascomycota,Pleosporales,Didymellaceae,Epicoccum,Epicoccum sp.
denovo26537,Ascomycota,Pleosporales,Didymellaceae,Epicoccum,Epicoccum sp.
denovo29802,Ascomycota,Pleosporales,Didymellaceae,Epicoccum,Epicoccum nigrum
denovo25587,Ascomycota,Pleosporales,Didymellaceae,Epicoccum,Epicoccum nigrum
denovo19206,Basidiomycota,Erythrobasidiales,Erythrobasidiaceae,Erythrobasidium,Erythrobasidium sp.
denovo28367,Basidiomycota,Erythrobasidiales,Erythrobasidiaceae,Erythrobasidium,Erythrobasidium yunnanense
denovo2375,Basidiomycota,Filobasidiales,Filobasidiaceae,Filobasidium,Filobasidium sp.
denovo26084,Basidiomycota,Filobasidiales,Filobasidiaceae,Filobasidium,Filobasidium wieringae
denovo26836,Basidiomycota,Filobasidiales,Filobasidiaceae,Filobasidium,Filobasidium wieringae
denovo27502,Basidiomycota,Filobasidiales,Filobasidiaceae,Filobasidium,Filobasidium wieringae
denovo28524,Basidiomycota,Filobasidiales,Filobasidiaceae,Filobasidium,Filobasium wieringae
denovo20085,Basidiomycota,Tremellales,Bulleraceae,Fonsecazyma,Fonsecazyma sp.
denovo26224,Basidiomycota,Tremellales,Bulleraceae,Genolevuria,Genolevuria sp.
denovo22459,Basidiomycota,Tremellales,Bulleraceae,Genolevuria,Genolevuria sp.
denovo10602,Basidiomycota,Tremellales,Bulleraceae,Genolevuria,Genolevuria amylolytica
denovo17901,Basidiomycota,Tremellales,Bulleraceae,Genolevuria,Genolevuria amylolytica
denovo30457,Basidiomycota,Tremellales,Bulleraceae,Genolevuria,Genolevuria amylolytica
denovo34524,Basidiomycota,Tremellales,Bulleraceae,Genolevuria,Genolevuria amylolytica
denovo7891,Basidiomycota,Tremellales,Bulleraceae,Genolevuria,Genolevuria amylolytica
denovo9460,Basidiomycota,Tremellales,Bulleraceae,Genolevuria,Genolevuria amylolytica
denovo22237,Basidiomycota,Tremellales,Bulleribasidiaceae,Hannaella,Hannaella sp.
denovo29370,Basidiomycota,Tremellales,Bulleribasidiaceae,Hannaella,Hannaella sinensis
denovo31589,Basidiomycota,Tremellales,Bulleribasidiaceae,Hannaella,Hannaella zeae
denovo2150,Basidiomycota,Tremellales,Bulleribasidiaceae,Hannaella,Hannaella luteola
denovo1014,Basidiomycota,Tremellales,Bulleribasidiaceae,Hannaella,Hannaella luteola
denovo34494,Ascomycota,Dothideales,Dothioraceae,Hormonema,Hormonema prunorum
denovo34833,Basidiomycota,Agaricostilbales,Kondoaceae,Kondoa,Kondoa thailandica
denovo18378,Basidiomycota,Agaricostilbales,Kondoaceae,Kondoa,Kondoa yuccicola
denovo14151,Ascomycota,Pleosporales,Didymellaceae,Leptosphaerulina,Leptosphaerulina sp.
denovo14240,Ascomycota,Pleosporales,Didymellaceae,Leptosphaerulina,Leptosphaerulina sp.
denovo14312,Ascomycota,Pleosporales,Didymellaceae,Leptosphaerulina,Leptosphaerulina sp.
denovo15474,Ascomycota,Pleosporales,Didymellaceae,Leptosphaerulina,Leptosphaerulina sp.
denovo15500,Ascomycota,Pleosporales,Didymellaceae,Leptosphaerulina,Leptosphaerulina sp.
denovo15515,Ascomycota,Pleosporales,Didymellaceae,Leptosphaerulina,Leptosphaerulina sp.
denovo15539,Ascomycota,Pleosporales,Didymellaceae,Leptosphaerulina,Leptosphaerulina sp.
denovo16381,Ascomycota,Pleosporales,Didymellaceae,Leptosphaerulina,Leptosphaerulina sp.
denovo19147,Ascomycota,Pleosporales,Didymellaceae,Leptosphaerulina,Leptosphaerulina chartarum
denovo19452,Ascomycota,Pleosporales,Didymellaceae,Leptosphaerulina,Leptosphaerulina chartarum
denovo20270,Ascomycota,Pleosporales,Didymellaceae,Leptosphaerulina,Leptosphaerulina chartarum
denovo10307,Ascomycota,Pleosporales,Didymellaceae,Leptosphaerulina,Leptosphaerulina australis
denovo272,Ascomycota,Pleosporales,Didymellaceae,Leptosphaerulina,Leptosphaerulina australis
denovo3788,Ascomycota,Pleosporales,Didymellaceae,Leptosphaerulina,Leptosphaerulina australis
denovo4406,Ascomycota,Pleosporales,Didymellaceae,Leptosphaerulina,Leptosphaerulina australis
denovo32639,Ascomycota,Pleosporales,Didymellaceae,Leptosphaerulina,Leptosphaerulina australis
denovo32744,Ascomycota,Pleosporales,Didymellaceae,Leptosphaerulina,Leptosphaerulina australis
denovo10799,Ascomycota,Pleosporales,Didymellaceae,Leptosphaerulina,Leptosphaerulina australis
denovo12232,Ascomycota,Pleosporales,Didymellaceae,Leptosphaerulina,Leptosphaerulina australis
denovo26427,Ascomycota,Pleosporales,Didymellaceae,Leptosphaerulina,Leptosphaerulina australis
denovo23458,Ascomycota,Pleosporales,Didymellaceae,Leptosphaerulina,Leptosphaerulina australis
denovo17725,Ascomycota,Pleosporales,Didymellaceae,Leptosphaerulina,Leptosphaerulina australis
denovo1717,Ascomycota,Pleosporales,Didymellaceae,Leptosphaerulina,Leptosphaerulina australis
denovo11621,Ascomycota,Pleosporales,Didymellaceae,Leptosphaerulina,Leptosphaerulina australis
denovo14496,Ascomycota,Pleosporales,Didymellaceae,Leptosphaerulina,Leptosphaerulina australis
denovo17940,Ascomycota,Pleosporales,Didymellaceae,Leptosphaerulina,Leptosphaerulina australis
denovo8607,Ascomycota,Pleosporales,Didymellaceae,Leptosphaerulina,Leptosphaerulina australis
denovo9633,Ascomycota,Pleosporales,Didymellaceae,Leptosphaerulina,Leptosphaerulina australis
denovo25141,Ascomycota,Pleosporales,Didymellaceae,Leptosphaerulina,Leptosphaerulina australis
denovo11336,Ascomycota,Pleosporales,Didymellaceae,Leptosphaerulina,Leptosphaerulina australis
denovo19224,Ascomycota,Pleosporales,Didymellaceae,Leptosphaerulina,Leptosphaerulina australis
denovo19758,Ascomycota,Pleosporales,Didymellaceae,Leptosphaerulina,Leptosphaerulina australis
denovo13603,Ascomycota,Pleosporales,Didymellaceae,Leptosphaerulina,Leptosphaerulina australis
denovo15831,Ascomycota,Dothideales,incertae sedis,Leptospora,Leptospora rubella
denovo12181,Ascomycota,Pleosporales,Lophiostomataceae,Lophiostoma,Lophiostoma sp.
denovo23094,Ascomycota,Pleosporales,Lophiostomataceae,Lophiostoma,Lophiostoma corticola
denovo19835,Ascomycota,Pleosporales,Lophiostomataceae,Lophiostoma,Lophiostoma macrostomum
denovo15146,Ascomycota,Pleosporales,Lophiostomataceae,Lophiostoma,Lophiostoma macrostomoides
denovo16011,Ascomycota,Pleosporales,Lophiostomataceae,Lophiostoma,Lophiostoma macrostomum
denovo34048,Ascomycota,Pleosporales,Lophiostomataceae,Lophiostoma,Lophiostoma sp.
denovo16887,Ascomycota,Mycosphaerellales,Mycosphaerellaceae,Mycosphaerella,Mycosphaerella valgourgensis
denovo11668,Ascomycota,Pleosporales,Didymellaceae,Neoascochyta,Neoascochyta sp. 
denovo29457,Ascomycota,Pleosporales,Cucurbitaceae,Neocucurbitaria,Neocucurbitaria sp.
denovo35049,Ascomycota,Mycosphaerellales,Neodevriesiaceae,Neodevriesia,Neodevriesia lagerstroemiae
denovo32136,Ascomycota,Pleosporales,Phaeosphaeriaceae,Neosetophoma,Neosetophoma sp.
denovo16387,Ascomycota,Pleosporales,Phaeosphaeriaceae,Neosetophoma,Neosetophoma sp. 
denovo34759,Ascomycota,Pleosporales,Phaeosphaeriaceae,Neosetophoma,Neosetophoma sp. 
denovo35813,Ascomycota,Pleosporales,Phaeosphaeriaceae,Neosetophoma,Neosetophoma sp.
denovo7428,Ascomycota,Pleosporales,Phaeosphaeriaceae,Neosetophoma,Neosetophoma sp.
denovo9421,Ascomycota,Pleosporales,Phaeosphaeriaceae,Neosetophoma,Neosetophoma sp.
denovo15600,Ascomycota,Pleosporales,Phaeosphaeriaceae,Neosetophoma,Neosetophoma sp.
denovo24529,Ascomycota,Pleosporales,Phaeosphaeriaceae,Neosetophoma,Neosetophoma sp
denovo11385,Ascomycota,Pleosporales,Phaeosphaeriaceae,Neosetophoma,Neosetophoma italica
denovo12298,Ascomycota,Pleosporales,Phaeosphaeriaceae,Neosetophoma,Neosetophoma italica
denovo15009,Ascomycota,Pleosporales,Phaeosphaeriaceae,Neosetophoma,Neosetophoma italica
denovo5582,Ascomycota,Pleosporales,Phaeosphaeriaceae,Neosetophoma,Neosetophoma italica
denovo8908,Ascomycota,Pleosporales,Phaeosphaeriaceae,Neosetophoma,Neosetophoma sp. 
denovo23885,Ascomycota,Pleosporales,Lophiostomataceae,Neovaginatispora,Neovaginatispora fuckelii
denovo24546,Basidiomycota,Tremellales,Rhynchogastremataceae,Papiliotrema,Papiliotrema flavescens
denovo4894,Ascomycota,Pleosporales,Didymosphaeriaceae,Paraconiothyrium,Paraconiothyrium sp.
denovo8051,Ascomycota,Pleosporales,Didymosphaeriaceae,Paraconiothyrium,Paraconiothyrium sp. 
denovo9644,Ascomycota,Pleosporales,Didymosphaeriaceae,Paraconiothyrium,Paraconiothyrium sp. 
denovo28577,Ascomycota,Pleosporales,Didymosphaeriaceae,Paraconiothyrium,Paraconiothyrium sp. 
denovo30932,Ascomycota,Pleosporales,Didymosphaeriaceae,Paraconiothyrium,Paraconiothyrium sp. 
denovo4624,Ascomycota,Pleosporales,Parapyrenochaetaceae,Parapyrenochaeta,Parapyrenochaeta sp.
denovo12306,Basidiomycota,Russulales,Peniophoraceae,Peniophora,Peniophora limitata
denovo608,Ascomycota,Lichenostigmatales,Phaeococcomycetaceae,Phaeococcomyces,Phaeococcomyces sp.
denovo7344,Ascomycota,Pleosporales,Phaeosphaeriaceae,Phaeosphaeria,Phaeosphaeria sp. 
denovo7889,Ascomycota,Pleosporales,Phaeosphaeriaceae,Phaeosphaeriopsis,Phaeosphaeriopsis sp.
denovo24816,Ascomycota,Pleosporales,Phaeosphaeriaceae,Phaeosphaeriopsis,Phaeosphaeriopsis sp. 
denovo14964,Ascomycota,Helotiales,Mollisiaceae,Phialocephala,Phialocephala sp.
denovo14168,Ascomycota,Pleosporales,Didymellaceae,Phoma,Phoma sp.
denovo15258,Ascomycota,Pleosporales,Didymellaceae,Phoma,Phoma sp.
denovo26348,Ascomycota,Pleosporales,Didymellaceae,Phoma,Phoma sp.
denovo28979,Ascomycota,Pleosporales,Didymellaceae,Phoma,Phoma sp.
denovo36127,Ascomycota,Pleosporales,Didymellaceae,Phoma,Phoma sp.
denovo36836,Ascomycota,Pleosporales,Didymellaceae,Phoma,Phoma zantedeschiae
denovo7029,Ascomycota,Pleosporales,Didymellaceae,Phoma,Phoma macrostoma
denovo31414,Ascomycota,Pleosporales,Didymellaceae,Phoma,Phoma medicaginis 
denovo29857,Ascomycota,Pleosporales,Didymellaceae,Phoma,Phoma herbarum
denovo25078,Ascomycota,Diaporthales,Valsaceae,Phomopsis,Phomopsis sp. 
denovo9931,Ascomycota,Erysiphales,Erysiphaceae,Phyllactinia,Phyllactinia sp.
denovo12918,Ascomycota,Erysiphales,Erysiphaceae,Phyllactinia,Phyllactinia sp.
denovo7928,Ascomycota,Erysiphales,Erysiphaceae,Phyllactinia,Phyllactinia sp.
denovo17717,Ascomycota,Erysiphales,Erysiphaceae,Phyllactinia,Phyllactinia sp.
denovo5417,Ascomycota,Erysiphales,Erysiphaceae,Phyllactinia,Phyllactinia sp.
denovo6760,Ascomycota,Erysiphales,Erysiphaceae,Phyllactinia,Phyllactinia sp.
denovo28265,Ascomycota,Erysiphales,Erysiphaceae,Phyllactinia,Phyllactinia sp.
denovo2788,Ascomycota,Erysiphales,Erysiphaceae,Phyllactinia,Phyllactinia sp.
denovo10237,Ascomycota,Erysiphales,Erysiphaceae,Phyllactinia,Phyllactinia sp.
denovo31571,Ascomycota,Erysiphales,Erysiphaceae,Phyllactinia,Phyllactinia sp.
denovo11422,Ascomycota,Erysiphales,Erysiphaceae,Phyllactinia,Phyllactinia sp.
denovo33903,Ascomycota,Erysiphales,Erysiphaceae,Phyllactinia,Phyllactinia sp.
denovo21359,Ascomycota,Erysiphales,Erysiphaceae,Phyllactinia,Phyllactinia sp.
denovo32996,Ascomycota,Pleosporales,Astrosphaeriellaceae,Pithomyces,Pithomyces sp.
denovo31408,Ascomycota,Pleosporales,Astrosphaeriellaceae,Pithomyces,Pithomyces chartarum
denovo20277,Ascomycota,Glomerellales,Plectosphaerellaceae,Plectosphaerella,Plectosphaerella cucumerina
denovo21656,Ascomycota,Pleosporales,Pleosporaceae,Pleospora,Pleospora sp.
denovo30260,Ascomycota,Pleosporales,Pleosporaceae,Pleospora,Pleospora sp.
denovo33485,Ascomycota,Pleosporales,Pleosporaceae,Pleospora,Pleospora sp.
denovo10932,Ascomycota,Pleosporales,Pleosporaceae,Pleospora,Pleospora sp.
denovo20462,Ascomycota,Pleosporales,Pleosporaceae,Pleospora,Pleospora sp. 
denovo35629,Ascomycota,Dothideales,Dothioraceae,Pringsheimia,Pringsheimia smilacis 
denovo3819,Ascomycota,Dothideales,Dothioraceae,Pringsheimia,Pringsheimia smilacis
denovo19149,Ascomycota,Mycosphaerellales,Dissoconiaceae,Pseudoveronaea,Pseudoveronaea ellipsoidea
denovo283,Basidiomycota,Pucciniales,Pucciniaceae,Puccinia,Puccinia striiformis
denovo10147,Ascomycota,Cladosporiales,Cladosporiaceae,Rachicladosporium,Rachicladosporium cboliae
denovo19208,Ascomycota,Cladosporiales,Cladosporiaceae,Rachicladosporium,Rachicladosporium cboliae
denovo24800,Ascomycota,Cladosporiales,Cladosporiaceae,Rachicladosporium,Rachicladosporium cboliae
denovo2497,Ascomycota,Chaetothyriales,Herpotrichiellaceae,Rhinocladiella,Rhinocladiella sp.
denovo1299,Ascomycota,Chaetothyriales,Herpotrichiellaceae,Rhinocladiella,Rhinocladiella sp.
denovo27064,Ascomycota,Chaetothyriales,Herpotrichiellaceae,Rhinocladiella,Rhinocladiella sp.
denovo16008,Ascomycota,Chaetothyriales,incertae sedis,Sarcinomyces,Sarcinomyces sp.
denovo16119,Ascomycota,Chaetothyriales,incertae sedis,Sarcinomyces,Sarcinomyces sp.
denovo19766,Ascomycota,Chaetothyriales,incertae sedis,Sarcinomyces,Sarcinomyces sp. 
denovo9108,Ascomycota,Chaetothyriales,incertae sedis,Sarcinomyces,Sarcinomyces sp.
denovo32070,Ascomycota,Pleosporales,Phaeosphaeriaceae,Sclerostagonospora,Sclerostagonospora ericae
denovo4435,Ascomycota,Xylariales,Sporocadaceae,Seiridium,Seiridium rosarum
denovo22153,Ascomycota,Xylariales,Sporocadaceae,Seiridium,Seiridium rosarum
denovo31277,Ascomycota,Pleosporales,Phaeosphaeriaceae,Setophaeosphaeria,Setophaeosphaeria sp.
denovo35729,Ascomycota,Pleosporales,Phaeosphaeriaceae,Setophaeosphaeria,Setophaeosphaeria sp.
denovo23703,Ascomycota,Pleosporales,Phaeosphaeriaceae,Setophaeosphaeria,Setophaeosphaeria badalingensis
denovo2794,Ascomycota,Pleosporales,Lophiostomataceae,Sigarispora,Sigarispora ononidis
denovo16780,Ascomycota,Mycosphaerellales,Mycosphaerellaceae,Sphaerulina,Sphaerulina sp.
denovo20915,Ascomycota,Mycosphaerellales,Mycosphaerellaceae,Sphaerulina,Sphaerulina berberidis
denovo21077,Ascomycota,Mycosphaerellales,Mycosphaerellaceae,Sphaerulina,Sphaerulina berberidis
denovo25062,Ascomycota,Pleosporales,Massarinaceae,Stagonospora,Stagonospora sp.
denovo25618,Ascomycota,Pleosporales,Didymellaceae,Stagonosporopsis,Stagonosporopsis sp.
denovo27571,Ascomycota,Pleosporales,Didymellaceae,Stagonosporopsis,Stagonosporopsis sp.
denovo5454,Ascomycota,Chaetothyriales,incertae sedis,Strelitziana,Strelitziana albiziae
denovo2052,Ascomycota,Chaetothyriales,incertae sedis,Strelitziana,Strelitziana mali
denovo8642,Ascomycota,Chaetothyriales,incertae sedis,Strelitziana,Strelitziana mali
denovo9326,Ascomycota,Chaetothyriales,incertae sedis,Strelitziana,Strelitziana albiziae
denovo26007,Ascomycota,Dothideales,Dothioraceae,Sydowia,Sydowia sp. 
denovo27368,Ascomycota,Dothideales,Dothioraceae,Sydowia,Sydowia sp. 
denovo23997,Basidiomycota,incertae sedis,Symmetrosporaceae,Symmetrospora,Symmetrospora gracilis
denovo24792,Basidiomycota,incertae sedis,Symmetrosporaceae,Symmetrospora,Symmetrospora symmetrica
denovo25709,Basidiomycota,incertae sedis,Symmetrosporaceae,Symmetrospora,Symmetrospora sp.
denovo26965,Ascomycota,Taphrinales,Taphrinaceae,Taphrina,Taphrina sp. 
denovo27580,Ascomycota,Taphrinales,Taphrinaceae,Taphrina,Taphrina sp. 
denovo28975,Ascomycota,Taphrinales,Taphrinaceae,Taphrina,Taphrina sp. 
denovo32547,Ascomycota,Taphrinales,Taphrinaceae,Taphrina,Taphrina sp. 
denovo1048,Ascomycota,Taphrinales,Taphrinaceae,Taphrina,Taphrina inositophila
denovo20197,Ascomycota,incertae sedis,incertae sedis,Tricellula,Tricellula aquatica
denovo19763,Ascomycota,Chaetothyriales,Trichomeriaceae,Trichomerium,Trichomerium sp. 
denovo15652,Ascomycota,Chaetothyriales,Trichomeriaceae,Trichomerium,Trichomerium sp.
denovo2818,Ascomycota,Chaetothyriales,Trichomeriaceae,Trichomerium,Trichomerium sp.
denovo8206,Ascomycota,Chaetothyriales,Trichomeriaceae,Trichomerium,Trichomerium sp.
denovo11448,Ascomycota,Chaetothyriales,Trichomeriaceae,Trichomerium,Trichomerium sp.
denovo25001,Ascomycota,Chaetothyriales,Trichomeriaceae,Trichomerium,Trichomerium sp.
denovo10098,Ascomycota,Chaetothyriales,Trichomeriaceae,Trichomerium,Trichomerium sp. 
denovo300,Ascomycota,Chaetothyriales,Trichomeriaceae,Trichomerium,Trichomerium sp. 
denovo17033,Ascomycota,Chaetothyriales,Trichomeriaceae,Trichomerium,Trichomerium sp.
denovo30021,Ascomycota,Chaetothyriales,Trichomeriaceae,Trichomerium,Trichomerium sp.
denovo16992,Ascomycota,Chaetothyriales,Trichomeriaceae,Trichomerium,Trichomerium sp.
denovo12303,Ascomycota,Chaetothyriales,Trichomeriaceae,Trichomerium,Trichomerium sp.
denovo195,Ascomycota,Chaetothyriales,Trichomeriaceae,Trichomerium,Trichomerium sp.
denovo10967,Ascomycota,Chaetothyriales,Trichomeriaceae,Trichomerium,Trichomerium sp.
denovo3736,Ascomycota,Chaetothyriales,Trichomeriaceae,Trichomerium,Trichomerium sp. 
denovo1149,Ascomycota,Chaetothyriales,Trichomeriaceae,Trichomerium,Trichomerium sp.
denovo13217,Ascomycota,Chaetothyriales,Trichomeriaceae,Trichomerium,Trichomerium sp.
denovo34039,Ascomycota,Chaetothyriales,Trichomeriaceae,Trichomerium,Trichomerium sp. 
denovo35568,Ascomycota,Chaetothyriales,Trichomeriaceae,Trichomerium,Trichomerium sp.
denovo8668,Ascomycota,Chaetothyriales,Trichomeriaceae,Trichomerium,Trichomerium sp.
denovo18353,Ascomycota,Chaetothyriales,Trichomeriaceae,Trichomerium,Trichomerium sp.
denovo30285,Ascomycota,Chaetothyriales,Trichomeriaceae,Trichomerium,Trichomerium sp.
denovo7348,Ascomycota,Chaetothyriales,Trichomeriaceae,Trichomerium,Trichomerium sp.
denovo28091,Ascomycota,Chaetothyriales,Trichomeriaceae,Trichomerium,Trichomerium sp.
denovo2970,Ascomycota,Chaetothyriales,Trichomeriaceae,Trichomerium,Trichomerium sp.
denovo10159,Ascomycota,Chaetothyriales,Trichomeriaceae,Trichomerium,Trichomerium sp.
denovo12739,Ascomycota,Chaetothyriales,Trichomeriaceae,Trichomerium,Trichomerium sp. 
denovo1583,Ascomycota,Chaetothyriales,Trichomeriaceae,Trichomerium,Trichomerium sp.
denovo17573,Ascomycota,Chaetothyriales,Trichomeriaceae,Trichomerium,Trichomerium sp.
denovo19392,Ascomycota,Chaetothyriales,Trichomeriaceae,Trichomerium,Trichomerium sp. 
denovo25572,Ascomycota,Chaetothyriales,Trichomeriaceae,Trichomerium,Trichomerium sp.
denovo3926,Ascomycota,Chaetothyriales,Trichomeriaceae,Trichomerium,Trichomerium sp. 
denovo5246,Ascomycota,Chaetothyriales,Trichomeriaceae,Trichomerium,Trichomerium sp.
denovo5857,Ascomycota,Chaetothyriales,Trichomeriaceae,Trichomerium,Trichomerium sp.
denovo9517,Ascomycota,Chaetothyriales,Trichomeriaceae,Trichomerium,Trichomerium sp.
denovo9805,Ascomycota,Chaetothyriales,Trichomeriaceae,Trichomerium,Trichomerium sp. 
denovo34248,Ascomycota,Chaetothyriales,Trichomeriaceae,Trichomerium,Trichomerium sp.
denovo5924,Ascomycota,Chaetothyriales,Trichomeriaceae,Trichomerium,Trichomerium sp.
denovo9260,Ascomycota,Chaetothyriales,Trichomeriaceae,Trichomerium,Trichomerium sp. 
denovo14384,Ascomycota,Chaetothyriales,Trichomeriaceae,Trichomerium,Trichomerium sp. 
denovo1510,Ascomycota,Chaetothyriales,Trichomeriaceae,Trichomerium,Trichomerium sp.
denovo27877,Ascomycota,Chaetothyriales,Trichomeriaceae,Trichomerium,Trichomerium sp. 
denovo2927,Ascomycota,Chaetothyriales,Trichomeriaceae,Trichomerium,Trichomerium sp.
denovo34791,Ascomycota,Chaetothyriales,Trichomeriaceae,Trichomerium,Trichomerium sp.
denovo3756,Ascomycota,Chaetothyriales,Trichomeriaceae,Trichomerium,Trichomerium sp.
denovo4357,Ascomycota,Chaetothyriales,Trichomeriaceae,Trichomerium,Trichomerium sp.
denovo8951,Ascomycota,Chaetothyriales,Trichomeriaceae,Trichomerium,Trichomerium sp.
denovo6899,Ascomycota,Chaetothyriales,Trichomeriaceae,Trichomerium,Trichomerium dioscoreae
denovo7681,Ascomycota,Chaetothyriales,Trichomeriaceae,Trichomerium,Trichomerium dioscoreae
denovo16580,Ascomycota,Chaetothyriales,Trichomeriaceae,Trichomerium,Trichomerium dioscoreae
denovo307,Ascomycota,Chaetothyriales,Trichomeriaceae,Trichomerium,Trichomerium dioscoreae
denovo10969,Ascomycota,Chaetothyriales,Trichomeriaceae,Trichomerium,Trichomerium dioscoreae
denovo14150,Ascomycota,Chaetothyriales,Trichomeriaceae,Trichomerium,Trichomerium dioscoreae
denovo1524,Ascomycota,Chaetothyriales,Trichomeriaceae,Trichomerium,Trichomerium dioscoreae
denovo17415,Ascomycota,Chaetothyriales,Trichomeriaceae,Trichomerium,Trichomerium dioscoreae
denovo28610,Ascomycota,Chaetothyriales,Trichomeriaceae,Trichomerium,Trichomerium camporesii
denovo5719,Ascomycota,Chaetothyriales,Trichomeriaceae,Trichomerium,Trichomerium dioscoreae
denovo2869,Ascomycota,Chaetothyriales,Trichomeriaceae,Trichomerium,Trichomerium dioscoreae
denovo8472,Ascomycota,Chaetothyriales,Trichomeriaceae,Trichomerium,Trichomerium dioscoreae
denovo14128,Ascomycota,Chaetothyriales,Trichomeriaceae,Trichomerium,Trichomerium dioscoreae
denovo8643,Ascomycota,Chaetothyriales,Trichomeriaceae,Trichomerium,Trichomerium dioscoreae
denovo18696,Ascomycota,Chaetothyriales,Trichomeriaceae,Trichomerium,Trichomerium dioscoreae 
denovo9079,Ascomycota,Chaetothyriales,Trichomeriaceae,Trichomerium,Trichomerium dioscoreae
denovo27799,Ascomycota,Chaetothyriales,Trichomeriaceae,Trichomerium,Trichomerium dioscoreae
denovo29269,Ascomycota,Chaetothyriales,Trichomeriaceae,Trichomerium,Trichomerium camporesii
denovo30850,Ascomycota,Chaetothyriales,Trichomeriaceae,Trichomerium,Trichomerium dioscoreae
denovo27757,Ascomycota,Chaetothyriales,Trichomeriaceae,Trichomerium,Trichomerium camporesii
denovo29543,Ascomycota,Chaetothyriales,Trichomeriaceae,Trichomerium,Trichomerium dioscoreae
denovo34717,Ascomycota,Chaetothyriales,Trichomeriaceae,Trichomerium,Trichomerium dioscoreae
denovo36829,Ascomycota,Chaetothyriales,Trichomeriaceae,Trichomerium,Trichomerium dioscoreae
denovo1633,Ascomycota,Chaetothyriales,Trichomeriaceae,Trichomerium,Trichomerium sp.
denovo8987,Ascomycota,Chaetothyriales,Trichomeriaceae,Trichomerium,Trichomerium sp.
denovo11110,Ascomycota,Chaetothyriales,Trichomeriaceae,Trichomerium,Trichomerium dioscoreae
denovo11256,Ascomycota,Chaetothyriales,Trichomeriaceae,Trichomerium,Trichomerium dioscoreae
denovo19794,Ascomycota,Erysiphales,unidentified,unidentified,unidentified
denovo28940,Ascomycota,Chaetothyriales,unidentified,unidentified,unidentified
denovo29823,Ascomycota,Chaetothyriales,unidentified,unidentified,unidentified
denovo30141,Ascomycota,Pleosporales,unidentified,unidentified,unidentified
denovo31135,Ascomycota,Chaetothyriales,unidentified,unidentified,unidentified
denovo3186,Ascomycota,Chaetothyriales,unidentified,unidentified,unidentified
denovo32239,Ascomycota,Chaetothyriales,unidentified,unidentified,unidentified
denovo32955,Ascomycota,Chaetothyriales,unidentified,unidentified,unidentified
denovo32978,Ascomycota,Chaetothyriales,unidentified,unidentified,unidentified
denovo34309,Ascomycota,Chaetothyriales,unidentified,unidentified,unidentified
denovo34556,Ascomycota,Chaetothyriales,unidentified,unidentified,unidentified
denovo3473,Ascomycota,Chaetothyriales,unidentified,unidentified,unidentified
denovo35146,Ascomycota,Chaetothyriales,unidentified,unidentified,unidentified
denovo35674,Ascomycota,Chaetothyriales,unidentified,unidentified,unidentified
denovo4237,Ascomycota,Chaetothyriales,unidentified,unidentified,unidentified
denovo4984,Ascomycota,Chaetothyriales,unidentified,unidentified,unidentified
denovo5554,Ascomycota,Chaetothyriales,unidentified,unidentified,unidentified
denovo5958,Ascomycota,Pleosporales,unidentified,unidentified,unidentified
denovo6798,Ascomycota,Chaetothyriales,unidentified,unidentified,unidentified
denovo7289,Ascomycota,Chaetothyriales,unidentified,unidentified,unidentified
denovo7498,Ascomycota,Chaetothyriales,unidentified,unidentified,unidentified
denovo7911,Ascomycota,Chaetothyriales,unidentified,unidentified,unidentified
denovo8195,Ascomycota,Chaetothyriales,unidentified,unidentified,unidentified
denovo8781,Ascomycota,Chaetothyriales,unidentified,unidentified,unidentified
denovo938,Ascomycota,Chaetothyriales,unidentified,unidentified,unidentified
denovo10905,Ascomycota,Chaetothyriales,unidentified,unidentified,unidentified
denovo11248,Ascomycota,Chaetothyriales,unidentified,unidentified,unidentified
denovo11679,Ascomycota,Chaetothyriales,unidentified,unidentified,unidentified
denovo11736,Ascomycota,Chaetothyriales,unidentified,unidentified,unidentified
denovo12178,Ascomycota,Chaetothyriales,unidentified,unidentified,unidentified
denovo1244,Ascomycota,Chaetothyriales,unidentified,unidentified,unidentified
denovo13947,Ascomycota,Chaetothyriales,unidentified,unidentified,unidentified
denovo14197,Ascomycota,Chaetothyriales,unidentified,unidentified,unidentified
denovo14432,Ascomycota,Chaetothyriales,unidentified,unidentified,unidentified
denovo14717,Ascomycota,Chaetothyriales,unidentified,unidentified,unidentified
denovo14802,Ascomycota,Chaetothyriales,unidentified,unidentified,unidentified
denovo14925,Ascomycota,Chaetothyriales,unidentified,unidentified,unidentified
denovo1528,Ascomycota,Chaetothyriales,unidentified,unidentified,unidentified
denovo16283,Ascomycota,Chaetothyriales,unidentified,unidentified,unidentified
denovo17016,Ascomycota,Chaetothyriales,unidentified,unidentified,unidentified
denovo18009,Ascomycota,Chaetothyriales,unidentified,unidentified,unidentified
denovo18271,Ascomycota,Chaetothyriales,unidentified,unidentified,unidentified
denovo18477,Ascomycota,Chaetothyriales,unidentified,unidentified,unidentified
denovo18653,Ascomycota,Chaetothyriales,unidentified,unidentified,unidentified
denovo18808,Ascomycota,Chaetothyriales,unidentified,unidentified,unidentified
denovo18933,Ascomycota,Chaetothyriales,unidentified,unidentified,unidentified
denovo1946,Ascomycota,Chaetothyriales,unidentified,unidentified,unidentified
denovo2154,Ascomycota,Chaetothyriales,unidentified,unidentified,unidentified
denovo22085,Ascomycota,Chaetothyriales,unidentified,unidentified,unidentified
denovo22114,Ascomycota,Chaetothyriales,unidentified,unidentified,unidentified
denovo22659,Ascomycota,Chaetothyriales,unidentified,unidentified,unidentified
denovo23015,Ascomycota,Chaetothyriales,unidentified,unidentified,unidentified
denovo23375,Ascomycota,Chaetothyriales,unidentified,unidentified,unidentified
denovo23797,Ascomycota,Chaetothyriales,unidentified,unidentified,unidentified
denovo24277,Ascomycota,Chaetothyriales,unidentified,unidentified,unidentified
denovo25048,Ascomycota,Chaetothyriales,unidentified,unidentified,unidentified
denovo2610,Ascomycota,Chaetothyriales,unidentified,unidentified,unidentified
denovo26677,Ascomycota,Pleosporales,unidentified,unidentified,unidentified
denovo2732,Ascomycota,Pleosporales,unidentified,unidentified,unidentified
denovo27966,Ascomycota,Pleosporales,unidentified,unidentified,unidentified
denovo28027,Ascomycota,Chaetothyriales,unidentified,unidentified,unidentified
denovo28623,Ascomycota,Chaetothyriales,unidentified,unidentified,unidentified
denovo30531,Ascomycota,Pleosporales,unidentified,unidentified,unidentified
denovo3165,Ascomycota,Chaetothyriales,unidentified,unidentified,unidentified
denovo33652,Ascomycota,Chaetothyriales,unidentified,unidentified,unidentified
denovo33713,Ascomycota,Chaetothyriales,unidentified,unidentified,unidentified
denovo33724,Ascomycota,Chaetothyriales,unidentified,unidentified,unidentified
denovo34352,Ascomycota,Chaetothyriales,unidentified,unidentified,unidentified
denovo34676,Ascomycota,Chaetothyriales,unidentified,unidentified,unidentified
denovo35160,Ascomycota,Chaetothyriales,unidentified,unidentified,unidentified
denovo35637,Ascomycota,Chaetothyriales,unidentified,unidentified,unidentified
denovo35864,Ascomycota,Chaetothyriales,unidentified,unidentified,unidentified
denovo3631,Ascomycota,Chaetothyriales,unidentified,unidentified,unidentified
denovo37084,Ascomycota,Chaetothyriales,unidentified,unidentified,unidentified
denovo4776,Ascomycota,Chaetothyriales,unidentified,unidentified,unidentified
denovo6275,Ascomycota,Chaetothyriales,unidentified,unidentified,unidentified
denovo787,Ascomycota,Chaetothyriales,unidentified,unidentified,unidentified
denovo8258,Ascomycota,Chaetothyriales,unidentified,unidentified,unidentified
denovo8281,Ascomycota,Chaetothyriales,unidentified,unidentified,unidentified
denovo841,Ascomycota,Chaetothyriales,unidentified,unidentified,unidentified
denovo8546,Ascomycota,Chaetothyriales,unidentified,unidentified,unidentified
denovo8855,Ascomycota,Chaetothyriales,unidentified,unidentified,unidentified
denovo9970,Ascomycota,Chaetothyriales,unidentified,unidentified,unidentified
denovo24376,Ascomycota,Chaetothyriales,unidentified,unidentified,unidentified
denovo11259,Ascomycota,Chaetothyriales,unidentified,unidentified,unidentified
denovo1003,Ascomycota,Chaetothyriales,unidentified,unidentified,unidentified
denovo1806,Ascomycota,Chaetothyriales,unidentified,unidentified,unidentified
denovo33555,Ascomycota,Chaetothyriales,unidentified,unidentified,unidentified
denovo7485,Ascomycota,Chaetothyriales,unidentified,unidentified,unidentified
denovo9228,Ascomycota,Chaetothyriales,unidentified,unidentified,unidentified
denovo26796,Ascomycota,Chaetothyriales,unidentified,unidentified,unidentified
denovo33139,Ascomycota,Chaetothyriales,unidentified,unidentified,unidentified
denovo33151,Ascomycota,Chaetothyriales,unidentified,unidentified,unidentified
denovo33432,Ascomycota,Chaetothyriales,unidentified,unidentified,unidentified
denovo7040,Ascomycota,Chaetothyriales,unidentified,unidentified,unidentified
denovo1627,Ascomycota,Chaetothyriales,unidentified,unidentified,unidentified
denovo35556,Ascomycota,Chaetothyriales,unidentified,unidentified,unidentified
denovo15063,Ascomycota,Chaetothyriales,unidentified,unidentified,unidentified
denovo33801,Ascomycota,Pleosporales,unidentified,unidentified,unidentified
denovo23656,Ascomycota,Chaetothyriales,unidentified,unidentified,unidentified
denovo26158,Ascomycota,Chaetothyriales,unidentified,unidentified,unidentified
denovo28015,Ascomycota,Chaetothyriales,unidentified,unidentified,unidentified
denovo31755,Ascomycota,Chaetothyriales,unidentified,unidentified,unidentified
denovo28518,Ascomycota,Chaetothyriales,unidentified,unidentified,unidentified
denovo35437,Ascomycota,Chaetothyriales,unidentified,unidentified,unidentified
denovo24020,Ascomycota,Chaetothyriales,unidentified,unidentified,unidentified
denovo4124,Ascomycota,Chaetothyriales,unidentified,unidentified,unidentified
denovo8110,Ascomycota,Chaetothyriales,unidentified,unidentified,unidentified
denovo21101,Ascomycota,Chaetothyriales,unidentified,unidentified,unidentified
denovo35311,Ascomycota,Chaetothyriales,unidentified,unidentified,unidentified
denovo23361,Ascomycota,Chaetothyriales,unidentified,unidentified,unidentified
denovo7559,Ascomycota,Chaetothyriales,unidentified,unidentified,unidentified
denovo29993,Ascomycota,Pleosporales,unidentified,unidentified,unidentified
denovo31301,Ascomycota,Pleosporales,Didymellaceae,unidentified,unidentified
denovo30571,Ascomycota,Pleosporales,Didymellaceae,unidentified,unidentified
denovo7168,Ascomycota,Pleosporales,Didymellaceae,unidentified,unidentified
denovo174,Ascomycota,Pleosporales,Didymellaceae,unidentified,unidentified
denovo24647,Ascomycota,Pleosporales,Didymellaceae,unidentified,unidentified
denovo29057,Ascomycota,Pleosporales,Didymellaceae,unidentified,unidentified
denovo5105,Ascomycota,Pleosporales,Didymellaceae,unidentified,unidentified
denovo10030,Ascomycota,Pleosporales,Didymellaceae,unidentified,unidentified
denovo13953,Ascomycota,Pleosporales,Didymellaceae,unidentified,unidentified
denovo21232,Ascomycota,Pleosporales,Didymellaceae,unidentified,unidentified
denovo26585,Ascomycota,Pleosporales,Didymellaceae,unidentified,unidentified
denovo27029,Basidiomycota,Tremellales,unidentified,unidentified,unidentified
denovo27573,Basidiomycota,Tremellales,unidentified,unidentified,unidentified
denovo15014,Basidiomycota,Filobasidiales,unidentified,unidentified,unidentified
denovo27120,Basidiomycota,Tremellales,unidentified,unidentified,unidentified
denovo34049,Basidiomycota,Tremellales,unidentified,unidentified,unidentified
denovo617,Basidiomycota,Filobasidiales,unidentified,unidentified,unidentified
denovo32531,Ascomycota,Taphrinales,unidentified,unidentified,unidentified
denovo32859,Ascomycota,Taphrinales,unidentified,unidentified,unidentified
denovo34916,Ascomycota,Dothideales,Teratosphaeriaceae,unidentified,unidentified
denovo35424,Ascomycota,Pleosporales,Pleosporaceae,unidentified,unidentified
denovo33930,Ascomycota,unidentified,unidentified,unidentified,unidentified
denovo2202,Ascomycota,unidentified,unidentified,unidentified,unidentified
denovo7020,Ascomycota,Dothideales,unidentified,unidentified,unidentified
denovo36697,Basidiomycota,Agaricostilbales,unidentified,unidentified,unidentified
denovo10545,Basidiomycota,Erythrobasidiales,unidentified,unidentified,unidentified
denovo4648,Basidiomycota,Erythrobasidiales,unidentified,unidentified,unidentified
denovo1047,unidentified,unidentified,unidentified,unidentified,unidentified
denovo10941,unidentified,unidentified,unidentified,unidentified,unidentified
denovo156,unidentified,unidentified,unidentified,unidentified,unidentified
denovo17021,unidentified,unidentified,unidentified,unidentified,unidentified
denovo17424,unidentified,unidentified,unidentified,unidentified,unidentified
denovo17682,unidentified,unidentified,unidentified,unidentified,unidentified
denovo17897,unidentified,unidentified,unidentified,unidentified,unidentified
denovo18300,unidentified,unidentified,unidentified,unidentified,unidentified
denovo18447,unidentified,unidentified,unidentified,unidentified,unidentified
denovo19486,unidentified,unidentified,unidentified,unidentified,unidentified
denovo20158,unidentified,unidentified,unidentified,unidentified,unidentified
denovo20224,unidentified,unidentified,unidentified,unidentified,unidentified
denovo21112,unidentified,unidentified,unidentified,unidentified,unidentified
denovo2287,unidentified,unidentified,unidentified,unidentified,unidentified
denovo2321,unidentified,unidentified,unidentified,unidentified,unidentified
denovo23671,unidentified,unidentified,unidentified,unidentified,unidentified
denovo25574,unidentified,unidentified,unidentified,unidentified,unidentified
denovo25896,unidentified,unidentified,unidentified,unidentified,unidentified
denovo26181,unidentified,unidentified,unidentified,unidentified,unidentified
denovo2634,unidentified,unidentified,unidentified,unidentified,unidentified
denovo27700,unidentified,unidentified,unidentified,unidentified,unidentified
denovo27832,unidentified,unidentified,unidentified,unidentified,unidentified
denovo28888,unidentified,unidentified,unidentified,unidentified,unidentified
denovo29216,unidentified,unidentified,unidentified,unidentified,unidentified
denovo29538,unidentified,unidentified,unidentified,unidentified,unidentified
denovo31155,unidentified,unidentified,unidentified,unidentified,unidentified
denovo32034,unidentified,unidentified,unidentified,unidentified,unidentified
denovo32761,unidentified,unidentified,unidentified,unidentified,unidentified
denovo33317,unidentified,unidentified,unidentified,unidentified,unidentified
denovo34365,unidentified,unidentified,unidentified,unidentified,unidentified
denovo34659,unidentified,unidentified,unidentified,unidentified,unidentified
denovo35135,unidentified,unidentified,unidentified,unidentified,unidentified
denovo35891,unidentified,unidentified,unidentified,unidentified,unidentified
denovo37041,unidentified,unidentified,unidentified,unidentified,unidentified
denovo4214,unidentified,unidentified,unidentified,unidentified,unidentified
denovo4277,unidentified,unidentified,unidentified,unidentified,unidentified
denovo455,unidentified,unidentified,unidentified,unidentified,unidentified
denovo6029,unidentified,unidentified,unidentified,unidentified,unidentified
denovo6665,unidentified,unidentified,unidentified,unidentified,unidentified
denovo6796,unidentified,unidentified,unidentified,unidentified,unidentified
denovo7900,unidentified,unidentified,unidentified,unidentified,unidentified
denovo791,unidentified,unidentified,unidentified,unidentified,unidentified
denovo10419,unidentified,unidentified,unidentified,unidentified,unidentified
denovo15641,unidentified,unidentified,unidentified,unidentified,unidentified
denovo16473,unidentified,unidentified,unidentified,unidentified,unidentified
denovo2065,unidentified,unidentified,unidentified,unidentified,unidentified
denovo20740,unidentified,unidentified,unidentified,unidentified,unidentified
denovo21019,unidentified,unidentified,unidentified,unidentified,unidentified
denovo2134,unidentified,unidentified,unidentified,unidentified,unidentified
denovo21459,unidentified,unidentified,unidentified,unidentified,unidentified
denovo21616,unidentified,unidentified,unidentified,unidentified,unidentified
denovo22224,unidentified,unidentified,unidentified,unidentified,unidentified
denovo227,unidentified,unidentified,unidentified,unidentified,unidentified
denovo24042,unidentified,unidentified,unidentified,unidentified,unidentified
denovo24465,unidentified,unidentified,unidentified,unidentified,unidentified
denovo24472,unidentified,unidentified,unidentified,unidentified,unidentified
denovo24494,unidentified,unidentified,unidentified,unidentified,unidentified
denovo24815,unidentified,unidentified,unidentified,unidentified,unidentified
denovo25650,unidentified,unidentified,unidentified,unidentified,unidentified
denovo25808,unidentified,unidentified,unidentified,unidentified,unidentified
denovo26287,unidentified,unidentified,unidentified,unidentified,unidentified
denovo26606,unidentified,unidentified,unidentified,unidentified,unidentified
denovo26977,unidentified,unidentified,unidentified,unidentified,unidentified
denovo27124,unidentified,unidentified,unidentified,unidentified,unidentified
denovo27542,unidentified,unidentified,unidentified,unidentified,unidentified
denovo27698,unidentified,unidentified,unidentified,unidentified,unidentified
denovo28154,unidentified,unidentified,unidentified,unidentified,unidentified
denovo28481,unidentified,unidentified,unidentified,unidentified,unidentified
denovo29049,unidentified,unidentified,unidentified,unidentified,unidentified
denovo2936,unidentified,unidentified,unidentified,unidentified,unidentified
denovo30127,unidentified,unidentified,unidentified,unidentified,unidentified
denovo32380,unidentified,unidentified,unidentified,unidentified,unidentified
denovo33275,unidentified,unidentified,unidentified,unidentified,unidentified
denovo33431,unidentified,unidentified,unidentified,unidentified,unidentified
denovo33962,unidentified,unidentified,unidentified,unidentified,unidentified
denovo3413,unidentified,unidentified,unidentified,unidentified,unidentified
denovo35124,unidentified,unidentified,unidentified,unidentified,unidentified
denovo35982,unidentified,unidentified,unidentified,unidentified,unidentified
denovo3963,unidentified,unidentified,unidentified,unidentified,unidentified
denovo4494,unidentified,unidentified,unidentified,unidentified,unidentified
denovo4778,unidentified,unidentified,unidentified,unidentified,unidentified
denovo5106,unidentified,unidentified,unidentified,unidentified,unidentified
denovo5187,unidentified,unidentified,unidentified,unidentified,unidentified
denovo5272,unidentified,unidentified,unidentified,unidentified,unidentified
denovo6838,unidentified,unidentified,unidentified,unidentified,unidentified
denovo7139,unidentified,unidentified,unidentified,unidentified,unidentified
denovo7380,unidentified,unidentified,unidentified,unidentified,unidentified
denovo7482,unidentified,unidentified,unidentified,unidentified,unidentified
denovo7571,unidentified,unidentified,unidentified,unidentified,unidentified
denovo7604,unidentified,unidentified,unidentified,unidentified,unidentified
denovo8124,unidentified,unidentified,unidentified,unidentified,unidentified
denovo8400,unidentified,unidentified,unidentified,unidentified,unidentified
denovo8882,unidentified,unidentified,unidentified,unidentified,unidentified
denovo9776,unidentified,unidentified,unidentified,unidentified,unidentified
denovo995,unidentified,unidentified,unidentified,unidentified,unidentified
denovo21547,unidentified,unidentified,unidentified,unidentified,unidentified
denovo23745,unidentified,unidentified,unidentified,unidentified,unidentified
denovo26546,unidentified,unidentified,unidentified,unidentified,unidentified
denovo6280,unidentified,unidentified,unidentified,unidentified,unidentified
denovo8631,unidentified,unidentified,unidentified,unidentified,unidentified
denovo9620,unidentified,unidentified,unidentified,unidentified,unidentified
denovo6834,unidentified,unidentified,unidentified,unidentified,unidentified
denovo7858,unidentified,unidentified,unidentified,unidentified,unidentified
denovo24173,Basidiomycota,Tremellales,Bulleraceae,Vishniacozyma,Vishniacozyma victoriae
denovo2522,Basidiomycota,Tremellales,Bulleraceae,Vishniacozyma,Vishniacozyma victoriae
denovo23110,Basidiomycota,Tremellales,Bulleraceae,Vishniacozyma,Vishniacozyma sp. 
denovo31383,Basidiomycota,Tremellales,Bulleraceae,Vishniacozyma,Vishniacozyma sp. 
denovo33718,Basidiomycota,Tremellales,Bulleraceae,Vishniacozyma,Vishniacozyma heimaeyensis
denovo5541,Basidiomycota,Tremellales,Bulleraceae,Vishniacozyma,Vishniacozymas carnescens
denovo8544,Basidiomycota,Tremellales,Bulleraceae,Vishniacozyma,Vishniacozyma carnescens
denovo24146,Basidiomycota,Tremellales,Bulleraceae,Vishniacozyma,Vishniacozyma foliicola
denovo16929,Basidiomycota,Polyporales,Polyporaceae,Yuchengia,Yuchengia narymica
